"Qty";"Value";"Device";"Package";"Parts";"Description";"MF";"MPN";"OC_FARNELL";"OC_NEWARK";"POPULARITY";"SPICEMODEL";"SPICEPREFIX";"SPICEPREFIXL";
"8";"";"2,15/1,0";"2,15/1,0";"PAD101, PAD103, PAD104, PAD201, PAD301, PAD302, PAD303, PAD304";"THROUGH-HOLE PAD";"";"";"";"";"11";"";"";"";
"1";"";"3,81/1,4";"3,81/1,4";"PAD102";"THROUGH-HOLE PAD";"";"";"";"";"14";"";"";"";
"2";"100";"R-EU_0207/10";"0207/10";"R111, R305";"RESISTOR, European symbol";"";"";"";"";"81";"";"R";"";
"3";"100/2W";"R-EU_0411/15";"0411/15";"R106, R107, R202";"RESISTOR, European symbol";"";"";"";"";"1";"";"R";"";
"1";"100/35W";"PWR220T";"TO220-2";"R102";"";"";"";"";"";"";"";"";"";
"7";"100k";"R-EU_0207/10";"0207/10";"R301, R302, R303, R319, R320, R321, R322";"RESISTOR, European symbol";"";"";"";"";"81";"";"R";"";
"1";"100k";"R-EU_0411/15";"0411/15";"R110";"RESISTOR, European symbol";"";"";"";"";"1";"";"R";"";
"2";"100k";"R-TRIMM3296W";"RTRIM3296W";"R324, R327";"Trimm resistor";"";"";"";"";"3";"X";"";"POT";
"1";"100k/2W";"R-EU_0411/15";"0411/15";"R201";"RESISTOR, European symbol";"";"";"";"";"1";"";"R";"";
"1";"100n";"C-EU102-054X133";"C102-054X133";"C301";"CAPACITOR, European symbol";"";"";"";"";"0";"";"C";"";
"2";"100n/400V";"C-EU150-072X183";"C150-072X183";"C306, C307";"CAPACITOR, European symbol";"";"";"";"";"0";"";"C";"";
"1";"100nF";"C-EU050-025X075";"C050-025X075";"C401";"CAPACITOR, European symbol";"";"";"";"";"29";"";"C";"";
"1";"100u/100V";"CPOL-EUE5-10.5";"E5-10,5";"C103";"POLARIZED CAPACITOR, European symbol";"";"";"";"";"23";"";"C";"";
"2";"100u/25V";"CPOL-EUE5-8.5";"E5-8,5";"C310, C311";"POLARIZED CAPACITOR, European symbol";"";"";"";"";"0";"";"C";"";
"2";"10_270/2W";"CATHODE_RESISTOR";"0411/15";"R331, R332";"";"";"";"";"";"";"";"";"";
"3";"10k";"R-EU_0207/10";"0207/10";"R307, R308, R401";"RESISTOR, European symbol";"";"";"";"";"81";"";"R";"";
"2";"110";"R-EU_0207/10";"0207/10";"R316, R317";"RESISTOR, European symbol";"";"";"";"";"81";"";"R";"";
"2";"1M";"R-EU_0207/10";"0207/10";"R323, R328";"RESISTOR, European symbol";"";"";"";"";"81";"";"R";"";
"1";"1N4148";"1N4148DO35-7";"DO35-7";"D401";"DIODE";"";"";"";"";"58";"";"";"";
"7";"1k";"R-EU_0207/10";"0207/10";"R112, R115, R313, R314, R329, R330, R402";"RESISTOR, European symbol";"";"";"";"";"81";"";"R";"";
"2";"1u/400V";"COUPLING_CAP_HOLES";"COUPLING_CAP_HOLES";"C304, C305";"";"";"";"";"";"";"";"";"";
"2";"1u/50V";"CPOL-EUE2.5-5";"E2,5-5";"C308, C309";"POLARIZED CAPACITOR, European symbol";"";"";"";"";"16";"";"C";"";
"2";"2.2k/2W";"R-EU_0411/15";"0411/15";"R108, R109";"RESISTOR, European symbol";"";"";"";"";"1";"";"R";"";
"2";"2.7k";"R-EU_0207/10";"0207/10";"R311, R312";"RESISTOR, European symbol";"";"";"";"";"81";"";"R";"";
"1";"2.7k/2W";"R-EU_0411/15";"0411/15";"R104";"RESISTOR, European symbol";"";"";"";"";"1";"";"R";"";
"1";"22";"R-EU_0207/10";"0207/10";"R105";"RESISTOR, European symbol";"";"";"";"";"81";"";"R";"";
"1";"220u/16V";"CPOL-EUE5-8.5";"E5-8,5";"C105";"POLARIZED CAPACITOR, European symbol";"";"";"";"";"0";"";"C";"";
"2";"220u/450V";"CPOL-EUE10-30";"EB30D";"C101, C102";"POLARIZED CAPACITOR, European symbol";"";"";"";"";"0";"";"C";"";
"2";"22p";"C-EU025-025X050";"C025-025X050";"C302, C303";"CAPACITOR, European symbol";"";"";"";"";"65";"";"C";"";
"1";"270k/2W";"R-EU_0411/15";"0411/15";"R113";"RESISTOR, European symbol";"";"";"";"";"1";"";"R";"";
"2";"27k";"R-EU_0207/10";"0207/10";"R325, R326";"RESISTOR, European symbol";"";"";"";"";"81";"";"R";"";
"1";"30";"R-EU_0207/10";"0207/10";"R306";"RESISTOR, European symbol";"";"";"";"";"81";"";"R";"";
"2";"4.7k";"R-EU_0207/10";"0207/10";"R309, R310";"RESISTOR, European symbol";"";"";"";"";"81";"";"R";"";
"5";"470";"R-EU_0207/10";"0207/10";"R304, R315, R318, R333, R334";"RESISTOR, European symbol";"";"";"";"";"81";"";"R";"";
"2";"470k/2W";"R-EU_0411/15";"0411/15";"R101, R103";"RESISTOR, European symbol";"";"";"";"";"1";"";"R";"";
"2";"470u/100V";"CPOL-EUE7.5-16";"E7,5-16";"C201, C202";"POLARIZED CAPACITOR, European symbol";"";"";"";"";"4";"";"C";"";
"1";"47k/2W";"R-EU_0411/15";"0411/15";"R114";"RESISTOR, European symbol";"";"";"";"";"1";"";"R";"";
"1";"47u/450V";"CPOL-EUE7.5-18";"E7,5-18";"C104";"POLARIZED CAPACITOR, European symbol";"";"";"";"";"6";"";"C";"";
"1";"B3B-ZR";"B3B-ZR";"B3B-ZR";"X401";"ZH CONNECTOR 1.5 mm, 4 pin 1 row";"";"";"";"";"";"";"";"";
"1";"BC547";"BC547";"TO92-CBE";"Q301";"NPN TRANSISTOR";"";"";"";"";"";"";"";"";
"1";"BS170";"BS170TO-92";"TO92-LINE";"Q401";"N-CHANNEL MOS FET";"";"";"";"";"";"";"";"";
"1";"BZX55C15";"1N4728DO35-7";"DO35-7";"D402";"Z DIODE";"";"";"";"";"";"";"";"";
"1";"BZX55C2V7";"1N4728";"DO41Z10";"D106";"Z DIODE";"";"";"";"";"6";"";"";"";
"1";"BZX55C5V1";"1N4728";"DO41Z10";"D105";"Z DIODE";"";"";"";"";"6";"";"";"";
"1";"BZX55C5V1";"1N4728DO35-7";"DO35-7";"D403";"Z DIODE";"";"";"";"";"";"";"";"";
"8";"C3D03060A";"BYW80";"TO220ACS";"D101, D102, D103, D104, D201, D202, D203, D204";"DIODE";"";"";"";"";"0";"";"";"";
"2";"ECC88";"ECC88-P";"NOVAL1";"V101, V103";"";"";"";"";"";"";"";"";"";
"2";"EL84";"EL84-PO";"NOVAL1";"V102, V104";"";"";"";"";"";"";"";"";"";
"1";"G6K-2P-Y";"G6K-2P-Y";"G6K-2P-Y";"K301";"Low Signal Relay";"OMRON COMPONENTS USA";"G6K-2P-Y DC12";"3937276";"34C3464";"0";"";"";"";
"1";"IRF820";"IRF740";"TO220BV";"Q302";"N-CHANNEL MOS FET";"";"";"";"";"0";"";"";"";
"1";"IRF820";"IRF740H";"TO220AVH";"Q101";"N-CHANNEL MOS FET";"";"";"";"";"";"";"";"";
"3";"MKDSN1,5/2-5,08";"MKDSN1,5/2-5,08";"MKDSN1,5/2-5,08";"X101, X102, X201";"MKDSN 1,5/ 2-5,08 Printklemme";"";"";"";"";"14";"";"";"";
"2";"MKDSN1,5/3-5,08";"MKDSN1,5/3-5,08";"MKDSN1,5/3-5,08";"X103, X104";"MKDSN 1,5/ 3-5,08 Printklemme";"";"";"";"";"0";"";"";"";
"1";"MPSA42";"MPSA42";"TO92-EBC";"Q102";"";"";"";"";"";"";"";"";"";
"1";"PC817";"PC817";"DIL04";"OK101";"SHARP OPTO COUPLER";"";"PC817X4J000F";"9707727";"97K7059";"20";"";"";"";
"3";"SK104-PAD";"SK104-PAD";"SK104-PAD";"KK509, KK510, KK511";"HEATSINK manufacturer Fischer/distributor Buerklin";"";"";"";"";"4";"";"";"";
"8";"SK95-2M3";"SK95-2M3";"SK95-2M3";"KK501, KK502, KK503, KK504, KK505, KK506, KK507, KK508";"HEATSINK manufacturer Fischer/distributor Buerklin";"";"";"";"";"0";"";"";"";
"2";"ST-SMB-V";"ST-SMB-V";"ST-SMB-V";"X301, X302";"MALE SMB CONNECTOR";"";"";"unknown";"unknown";"0";"";"";"";
"2";"T 315mA";"SH22,5";"SH22,5";"F101, F201";"FUSE HOLDER grid 22,5 mm, OGN0031 8201, Schurter (Buerklin)";"SCHURTER";"0031.8201";"1162740";"96F8317";"6";"";"";"";
"1";"T 3A";"SH22,5";"SH22,5";"F102";"FUSE HOLDER grid 22,5 mm, OGN0031 8201, Schurter (Buerklin)";"SCHURTER";"0031.8201";"1162740";"96F8317";"6";"";"";"";
"1";"UF4003";"UF4003";"DO41-10";"D107";"DIODE";"";"";"";"";"0";"";"";"";
